,groupForming,meanFreeFlowSpeed,obstPotentialHeight,pedPotentialHeight,sdFreeFlowSpeed,spawnFrequencyA,spawnFrequencyB,spawnFrequencyC,spawnFrequencyD,scenario,policy,model
3,"[[0.44, 0.44, 0.075, 0.03, 0.015], [0.44, 0.44, 0.075, 0.03, 0.015], [0.44, 0.44, 0.075, 0.03, 0.015], [0.44, 0.44, 0.075, 0.03, 0.015]]",0.8120476155133206,9.385851944083567,49.97157852140677,0.2922434655248501,3.0,4.0,1.0,3.0,3,None,model
9,"[[0.18, 0.7, 0.075, 0.03, 0.015], [0.18, 0.7, 0.075, 0.03, 0.015], [0.18, 0.7, 0.075, 0.03, 0.015], [0.18, 0.7, 0.075, 0.03, 0.015]]",0.957020192127072,8.430520341139864,10.210585661942025,0.1904706740786977,1.0,5.0,1.0,2.0,9,None,model
15,"[[0.37, 0.51, 0.075, 0.03, 0.015], [0.37, 0.51, 0.075, 0.03, 0.015], [0.37, 0.51, 0.075, 0.03, 0.015], [0.37, 0.51, 0.075, 0.03, 0.015]]",0.9589127506819172,2.4874498769696323,45.42545263845837,0.2893768444928447,1.0,3.0,1.0,1.0,15,None,model
19,"[[0.16, 0.72, 0.075, 0.03, 0.015], [0.16, 0.72, 0.075, 0.03, 0.015], [0.16, 0.72, 0.075, 0.03, 0.015], [0.16, 0.72, 0.075, 0.03, 0.015]]",0.8827898775416013,8.452741271013078,26.65855650362716,0.1980929869779115,2.0,4.0,2.0,1.0,19,None,model
21,"[[0.2, 0.68, 0.075, 0.03, 0.015], [0.2, 0.68, 0.075, 0.03, 0.015], [0.2, 0.68, 0.075, 0.03, 0.015], [0.2, 0.68, 0.075, 0.03, 0.015]]",1.0335724193977054,9.514028842948113,42.41990138078377,0.2464264895775295,1.0,5.0,2.0,3.0,21,None,model
37,"[[0.21, 0.67, 0.075, 0.03, 0.015], [0.21, 0.67, 0.075, 0.03, 0.015], [0.21, 0.67, 0.075, 0.03, 0.015], [0.21, 0.67, 0.075, 0.03, 0.015]]",0.9418522358271852,6.938154890312669,28.94882025168238,0.2139589122312685,4.0,2.0,1.0,2.0,37,None,model
39,"[[0.37, 0.51, 0.075, 0.03, 0.015], [0.37, 0.51, 0.075, 0.03, 0.015], [0.37, 0.51, 0.075, 0.03, 0.015], [0.37, 0.51, 0.075, 0.03, 0.015]]",1.012143011139082,9.613223447952135,24.893289013634107,0.2264471955294703,1.0,2.0,2.0,1.0,39,None,model
49,"[[0.16, 0.72, 0.075, 0.03, 0.015], [0.16, 0.72, 0.075, 0.03, 0.015], [0.16, 0.72, 0.075, 0.03, 0.015], [0.16, 0.72, 0.075, 0.03, 0.015]]",1.1444829587975116,8.229486433914413,45.74859564624831,0.2178543355851417,1.0,3.0,2.0,3.0,49,None,model
57,"[[0.5, 0.38, 0.075, 0.03, 0.015], [0.5, 0.38, 0.075, 0.03, 0.015], [0.5, 0.38, 0.075, 0.03, 0.015], [0.5, 0.38, 0.075, 0.03, 0.015]]",0.7684180696406226,5.933313200305157,40.80135077434758,0.2854254710401451,3.0,3.0,1.0,2.0,57,None,model
58,"[[0.43, 0.45, 0.075, 0.03, 0.015], [0.43, 0.45, 0.075, 0.03, 0.015], [0.43, 0.45, 0.075, 0.03, 0.015], [0.43, 0.45, 0.075, 0.03, 0.015]]",1.0490690222114618,5.023633372188373,29.473724354982583,0.2085525708145896,3.0,5.0,1.0,3.0,58,None,model
60,"[[0.39, 0.49, 0.075, 0.03, 0.015], [0.39, 0.49, 0.075, 0.03, 0.015], [0.39, 0.49, 0.075, 0.03, 0.015], [0.39, 0.49, 0.075, 0.03, 0.015]]",0.8960161541506277,5.21904569622866,8.679987754935688,0.1793898275911539,1.0,3.0,1.0,2.0,60,None,model
66,"[[0.38, 0.5, 0.075, 0.03, 0.015], [0.38, 0.5, 0.075, 0.03, 0.015], [0.38, 0.5, 0.075, 0.03, 0.015], [0.38, 0.5, 0.075, 0.03, 0.015]]",0.7767332661033753,6.10748516643939,39.655009354956135,0.2275483157265436,5.0,2.0,1.0,1.0,66,None,model
74,"[[0.48, 0.4, 0.075, 0.03, 0.015], [0.48, 0.4, 0.075, 0.03, 0.015], [0.48, 0.4, 0.075, 0.03, 0.015], [0.48, 0.4, 0.075, 0.03, 0.015]]",1.1345959321786858,2.1249932722237914,6.835651077006186,0.2629108029069683,1.0,4.0,2.0,2.0,74,None,model
75,"[[0.47, 0.41, 0.075, 0.03, 0.015], [0.47, 0.41, 0.075, 0.03, 0.015], [0.47, 0.41, 0.075, 0.03, 0.015], [0.47, 0.41, 0.075, 0.03, 0.015]]",1.060338589509376,7.035889900379521,34.139517362574935,0.2067018754180029,3.0,1.0,1.0,1.0,75,None,model
76,"[[0.3, 0.58, 0.075, 0.03, 0.015], [0.3, 0.58, 0.075, 0.03, 0.015], [0.3, 0.58, 0.075, 0.03, 0.015], [0.3, 0.58, 0.075, 0.03, 0.015]]",0.9062489703884876,5.468966907467751,31.810096225475736,0.2817077236511017,1.0,4.0,1.0,1.0,76,None,model
78,"[[0.19, 0.69, 0.075, 0.03, 0.015], [0.19, 0.69, 0.075, 0.03, 0.015], [0.19, 0.69, 0.075, 0.03, 0.015], [0.19, 0.69, 0.075, 0.03, 0.015]]",1.0527497790125535,8.125080275511689,34.61968336754368,0.1840996731864603,5.0,5.0,2.0,3.0,78,None,model
79,"[[0.44, 0.44, 0.075, 0.03, 0.015], [0.44, 0.44, 0.075, 0.03, 0.015], [0.44, 0.44, 0.075, 0.03, 0.015], [0.44, 0.44, 0.075, 0.03, 0.015]]",1.0041081891010162,2.143018435565158,48.938179955712606,0.2158335561306559,1.0,3.0,1.0,3.0,79,None,model
80,"[[0.3, 0.58, 0.075, 0.03, 0.015], [0.3, 0.58, 0.075, 0.03, 0.015], [0.3, 0.58, 0.075, 0.03, 0.015], [0.3, 0.58, 0.075, 0.03, 0.015]]",0.9550045800640502,4.817060611473297,18.958907801268666,0.2160042854036763,2.0,3.0,1.0,3.0,80,None,model
81,"[[0.37, 0.51, 0.075, 0.03, 0.015], [0.37, 0.51, 0.075, 0.03, 0.015], [0.37, 0.51, 0.075, 0.03, 0.015], [0.37, 0.51, 0.075, 0.03, 0.015]]",1.044059557153525,7.880806556970359,38.79324683471523,0.2598399685659193,1.0,3.0,2.0,1.0,81,None,model
82,"[[0.3, 0.58, 0.075, 0.03, 0.015], [0.3, 0.58, 0.075, 0.03, 0.015], [0.3, 0.58, 0.075, 0.03, 0.015], [0.3, 0.58, 0.075, 0.03, 0.015]]",0.9915028413781912,3.840463954501433,20.44179960766055,0.279711530140403,5.0,5.0,2.0,2.0,82,None,model
86,"[[0.39, 0.49, 0.075, 0.03, 0.015], [0.39, 0.49, 0.075, 0.03, 0.015], [0.39, 0.49, 0.075, 0.03, 0.015], [0.39, 0.49, 0.075, 0.03, 0.015]]",0.9803789188055776,9.024755057290662,31.84729971260254,0.2461768823679695,5.0,2.0,1.0,2.0,86,None,model
87,"[[0.15, 0.73, 0.075, 0.03, 0.015], [0.15, 0.73, 0.075, 0.03, 0.015], [0.15, 0.73, 0.075, 0.03, 0.015], [0.15, 0.73, 0.075, 0.03, 0.015]]",1.1209240080017748,5.497910611808141,7.481205241904703,0.2946217414227859,1.0,2.0,2.0,2.0,87,None,model
88,"[[0.16, 0.72, 0.075, 0.03, 0.015], [0.16, 0.72, 0.075, 0.03, 0.015], [0.16, 0.72, 0.075, 0.03, 0.015], [0.16, 0.72, 0.075, 0.03, 0.015]]",0.8651688998491726,5.244341750502775,21.853577563608773,0.2508938629134368,3.0,2.0,1.0,3.0,88,None,model
90,"[[0.49, 0.39, 0.075, 0.03, 0.015], [0.49, 0.39, 0.075, 0.03, 0.015], [0.49, 0.39, 0.075, 0.03, 0.015], [0.49, 0.39, 0.075, 0.03, 0.015]]",0.8029981071251427,6.635316296671965,39.42144483834856,0.2484258286151373,1.0,1.0,1.0,1.0,90,None,model
93,"[[0.5, 0.38, 0.075, 0.03, 0.015], [0.5, 0.38, 0.075, 0.03, 0.015], [0.5, 0.38, 0.075, 0.03, 0.015], [0.5, 0.38, 0.075, 0.03, 0.015]]",1.0987556217828,5.312881388855804,22.03524377916478,0.2822774170308771,2.0,3.0,2.0,2.0,93,None,model
100,"[[0.41, 0.47, 0.075, 0.03, 0.015], [0.41, 0.47, 0.075, 0.03, 0.015], [0.41, 0.47, 0.075, 0.03, 0.015], [0.41, 0.47, 0.075, 0.03, 0.015]]",0.7894981493976557,4.168343092274384,14.98388470907502,0.2143153178954753,5.0,4.0,1.0,2.0,100,None,model
105,"[[0.49, 0.39, 0.075, 0.03, 0.015], [0.49, 0.39, 0.075, 0.03, 0.015], [0.49, 0.39, 0.075, 0.03, 0.015], [0.49, 0.39, 0.075, 0.03, 0.015]]",0.8053488653066476,5.540914361232954,29.782876123713447,0.2001473777626683,5.0,1.0,1.0,3.0,105,None,model
107,"[[0.33, 0.55, 0.075, 0.03, 0.015], [0.33, 0.55, 0.075, 0.03, 0.015], [0.33, 0.55, 0.075, 0.03, 0.015], [0.33, 0.55, 0.075, 0.03, 0.015]]",1.0251507798473198,8.041919017435163,21.71867224655451,0.1672822095793032,3.0,1.0,1.0,2.0,107,None,model
117,"[[0.23, 0.65, 0.075, 0.03, 0.015], [0.23, 0.65, 0.075, 0.03, 0.015], [0.23, 0.65, 0.075, 0.03, 0.015], [0.23, 0.65, 0.075, 0.03, 0.015]]",1.1130238556663306,5.845237852253129,31.53371758014843,0.2937055211458026,5.0,2.0,1.0,2.0,117,None,model
125,"[[0.45, 0.43, 0.075, 0.03, 0.015], [0.45, 0.43, 0.075, 0.03, 0.015], [0.45, 0.43, 0.075, 0.03, 0.015], [0.45, 0.43, 0.075, 0.03, 0.015]]",0.8525316895151926,7.511954726613053,41.27413309685247,0.2072575140605783,1.0,1.0,1.0,1.0,125,None,model
133,"[[0.36, 0.52, 0.075, 0.03, 0.015], [0.36, 0.52, 0.075, 0.03, 0.015], [0.36, 0.52, 0.075, 0.03, 0.015], [0.36, 0.52, 0.075, 0.03, 0.015]]",1.074751341220043,9.26093475473374,33.007915750606415,0.2567907136853116,2.0,1.0,1.0,1.0,133,None,model
137,"[[0.27, 0.61, 0.075, 0.03, 0.015], [0.27, 0.61, 0.075, 0.03, 0.015], [0.27, 0.61, 0.075, 0.03, 0.015], [0.27, 0.61, 0.075, 0.03, 0.015]]",1.0141310853080945,4.237478009082622,35.62337671585843,0.2766101227441604,1.0,4.0,2.0,2.0,137,None,model
141,"[[0.35, 0.53, 0.075, 0.03, 0.015], [0.35, 0.53, 0.075, 0.03, 0.015], [0.35, 0.53, 0.075, 0.03, 0.015], [0.35, 0.53, 0.075, 0.03, 0.015]]",0.9224535065292774,9.879210994791991,38.58180894885321,0.2526518371627965,1.0,3.0,1.0,1.0,141,None,model
150,"[[0.36, 0.52, 0.075, 0.03, 0.015], [0.36, 0.52, 0.075, 0.03, 0.015], [0.36, 0.52, 0.075, 0.03, 0.015], [0.36, 0.52, 0.075, 0.03, 0.015]]",1.1354757287708197,6.331023782106038,24.123353036717017,0.2494693162007456,3.0,3.0,1.0,3.0,150,None,model
151,"[[0.45, 0.43, 0.075, 0.03, 0.015], [0.45, 0.43, 0.075, 0.03, 0.015], [0.45, 0.43, 0.075, 0.03, 0.015], [0.45, 0.43, 0.075, 0.03, 0.015]]",0.7705927629212312,6.023912012152214,10.25748893342125,0.1612443904891858,4.0,2.0,2.0,2.0,151,None,model
153,"[[0.42, 0.46, 0.075, 0.03, 0.015], [0.42, 0.46, 0.075, 0.03, 0.015], [0.42, 0.46, 0.075, 0.03, 0.015], [0.42, 0.46, 0.075, 0.03, 0.015]]",1.0182310986305418,9.939467829859026,22.63700220310888,0.2996468483805783,1.0,4.0,2.0,1.0,153,None,model
156,"[[0.46, 0.42, 0.075, 0.03, 0.015], [0.46, 0.42, 0.075, 0.03, 0.015], [0.46, 0.42, 0.075, 0.03, 0.015], [0.46, 0.42, 0.075, 0.03, 0.015]]",1.0473034572269844,5.603688149101229,40.21102791400676,0.2431602110946383,5.0,2.0,2.0,3.0,156,None,model
163,"[[0.38, 0.5, 0.075, 0.03, 0.015], [0.38, 0.5, 0.075, 0.03, 0.015], [0.38, 0.5, 0.075, 0.03, 0.015], [0.38, 0.5, 0.075, 0.03, 0.015]]",0.8637170123115318,8.10888905520904,17.619541647237465,0.1969872874229929,2.0,2.0,1.0,2.0,163,None,model
169,"[[0.22, 0.66, 0.075, 0.03, 0.015], [0.22, 0.66, 0.075, 0.03, 0.015], [0.22, 0.66, 0.075, 0.03, 0.015], [0.22, 0.66, 0.075, 0.03, 0.015]]",0.9900949992397114,8.51119682858036,45.50793887973786,0.2075046416590097,4.0,5.0,2.0,3.0,169,None,model
175,"[[0.27, 0.61, 0.075, 0.03, 0.015], [0.27, 0.61, 0.075, 0.03, 0.015], [0.27, 0.61, 0.075, 0.03, 0.015], [0.27, 0.61, 0.075, 0.03, 0.015]]",1.1273418270588178,8.536134870623632,46.66362537821177,0.2133641369203405,2.0,4.0,2.0,2.0,175,None,model
180,"[[0.42, 0.46, 0.075, 0.03, 0.015], [0.42, 0.46, 0.075, 0.03, 0.015], [0.42, 0.46, 0.075, 0.03, 0.015], [0.42, 0.46, 0.075, 0.03, 0.015]]",0.8735194072082662,5.644923578602777,44.26797521431534,0.2351598046301869,2.0,3.0,1.0,2.0,180,None,model
182,"[[0.36, 0.52, 0.075, 0.03, 0.015], [0.36, 0.52, 0.075, 0.03, 0.015], [0.36, 0.52, 0.075, 0.03, 0.015], [0.36, 0.52, 0.075, 0.03, 0.015]]",0.8871897724622086,6.8764641746432025,5.5371139059165735,0.2417948605451526,5.0,4.0,1.0,3.0,182,None,model
190,"[[0.3, 0.58, 0.075, 0.03, 0.015], [0.3, 0.58, 0.075, 0.03, 0.015], [0.3, 0.58, 0.075, 0.03, 0.015], [0.3, 0.58, 0.075, 0.03, 0.015]]",0.7568207551430501,6.115310648844727,24.858029678653885,0.2888712544307694,3.0,5.0,2.0,1.0,190,None,model
193,"[[0.24, 0.64, 0.075, 0.03, 0.015], [0.24, 0.64, 0.075, 0.03, 0.015], [0.24, 0.64, 0.075, 0.03, 0.015], [0.24, 0.64, 0.075, 0.03, 0.015]]",1.1542784587163548,5.157816572279772,15.523592424333245,0.2337388816924793,2.0,2.0,2.0,2.0,193,None,model
194,"[[0.28, 0.6, 0.075, 0.03, 0.015], [0.28, 0.6, 0.075, 0.03, 0.015], [0.28, 0.6, 0.075, 0.03, 0.015], [0.28, 0.6, 0.075, 0.03, 0.015]]",0.8597645092644828,7.73099208190933,15.037719367506911,0.2578879937734515,3.0,5.0,2.0,1.0,194,None,model
196,"[[0.21, 0.67, 0.075, 0.03, 0.015], [0.21, 0.67, 0.075, 0.03, 0.015], [0.21, 0.67, 0.075, 0.03, 0.015], [0.21, 0.67, 0.075, 0.03, 0.015]]",1.0703227451641664,5.858585861510249,25.23191697658919,0.1695699553744478,3.0,2.0,2.0,3.0,196,None,model
206,"[[0.31, 0.57, 0.075, 0.03, 0.015], [0.31, 0.57, 0.075, 0.03, 0.015], [0.31, 0.57, 0.075, 0.03, 0.015], [0.31, 0.57, 0.075, 0.03, 0.015]]",0.8583761324002703,2.4394758793343736,37.33473252593093,0.2584967314510697,3.0,4.0,1.0,2.0,206,None,model
208,"[[0.37, 0.51, 0.075, 0.03, 0.015], [0.37, 0.51, 0.075, 0.03, 0.015], [0.37, 0.51, 0.075, 0.03, 0.015], [0.37, 0.51, 0.075, 0.03, 0.015]]",0.905551751747942,2.82308629709224,11.61268050973879,0.1827910828262241,4.0,2.0,1.0,2.0,208,None,model
210,"[[0.29, 0.59, 0.075, 0.03, 0.015], [0.29, 0.59, 0.075, 0.03, 0.015], [0.29, 0.59, 0.075, 0.03, 0.015], [0.29, 0.59, 0.075, 0.03, 0.015]]",1.007745715945364,2.5682271060177158,22.841387076793914,0.2467855444139201,5.0,4.0,2.0,1.0,210,None,model
211,"[[0.29, 0.59, 0.075, 0.03, 0.015], [0.29, 0.59, 0.075, 0.03, 0.015], [0.29, 0.59, 0.075, 0.03, 0.015], [0.29, 0.59, 0.075, 0.03, 0.015]]",1.0196365622002077,5.516175251619428,41.66052991565206,0.162413880135668,4.0,5.0,1.0,2.0,211,None,model
221,"[[0.27, 0.61, 0.075, 0.03, 0.015], [0.27, 0.61, 0.075, 0.03, 0.015], [0.27, 0.61, 0.075, 0.03, 0.015], [0.27, 0.61, 0.075, 0.03, 0.015]]",0.8161603007003007,9.802475522258174,33.19827868919853,0.1633490204906525,1.0,1.0,2.0,2.0,221,None,model
223,"[[0.38, 0.5, 0.075, 0.03, 0.015], [0.38, 0.5, 0.075, 0.03, 0.015], [0.38, 0.5, 0.075, 0.03, 0.015], [0.38, 0.5, 0.075, 0.03, 0.015]]",1.0652961256132922,2.8103438565188736,17.237065837663547,0.1811767662818661,1.0,1.0,2.0,1.0,223,None,model
226,"[[0.25, 0.63, 0.075, 0.03, 0.015], [0.25, 0.63, 0.075, 0.03, 0.015], [0.25, 0.63, 0.075, 0.03, 0.015], [0.25, 0.63, 0.075, 0.03, 0.015]]",1.083177558961995,8.816323431836917,40.00353679423795,0.2125697527379775,5.0,5.0,1.0,1.0,226,None,model
236,"[[0.2, 0.68, 0.075, 0.03, 0.015], [0.2, 0.68, 0.075, 0.03, 0.015], [0.2, 0.68, 0.075, 0.03, 0.015], [0.2, 0.68, 0.075, 0.03, 0.015]]",1.1453139579652332,8.349121016892296,31.993606334181937,0.1837253009389999,3.0,1.0,2.0,3.0,236,None,model
239,"[[0.34, 0.54, 0.075, 0.03, 0.015], [0.34, 0.54, 0.075, 0.03, 0.015], [0.34, 0.54, 0.075, 0.03, 0.015], [0.34, 0.54, 0.075, 0.03, 0.015]]",0.8740051790132489,5.919168119216071,14.723633755983684,0.2151801525838679,1.0,5.0,1.0,3.0,239,None,model
248,"[[0.4, 0.48, 0.075, 0.03, 0.015], [0.4, 0.48, 0.075, 0.03, 0.015], [0.4, 0.48, 0.075, 0.03, 0.015], [0.4, 0.48, 0.075, 0.03, 0.015]]",1.1563147893982657,3.200955719877027,27.52708250934177,0.1546328646089363,1.0,1.0,2.0,1.0,248,None,model
250,"[[0.41, 0.47, 0.075, 0.03, 0.015], [0.41, 0.47, 0.075, 0.03, 0.015], [0.41, 0.47, 0.075, 0.03, 0.015], [0.41, 0.47, 0.075, 0.03, 0.015]]",0.8432242784866091,5.591699716374173,30.22177685844024,0.2182647715090588,2.0,3.0,1.0,2.0,250,None,model
253,"[[0.28, 0.6, 0.075, 0.03, 0.015], [0.28, 0.6, 0.075, 0.03, 0.015], [0.28, 0.6, 0.075, 0.03, 0.015], [0.28, 0.6, 0.075, 0.03, 0.015]]",0.889535912360313,5.366994464451737,17.308211755581798,0.285284733004093,1.0,5.0,1.0,3.0,253,None,model
255,"[[0.46, 0.42, 0.075, 0.03, 0.015], [0.46, 0.42, 0.075, 0.03, 0.015], [0.46, 0.42, 0.075, 0.03, 0.015], [0.46, 0.42, 0.075, 0.03, 0.015]]",0.8977215657611707,2.1721699461482444,5.787397409781003,0.2863557856995208,4.0,5.0,2.0,1.0,255,None,model
257,"[[0.39, 0.49, 0.075, 0.03, 0.015], [0.39, 0.49, 0.075, 0.03, 0.015], [0.39, 0.49, 0.075, 0.03, 0.015], [0.39, 0.49, 0.075, 0.03, 0.015]]",0.8631369770794722,3.336033151449003,37.2859682265884,0.1932661302813725,1.0,5.0,2.0,1.0,257,None,model
262,"[[0.32, 0.56, 0.075, 0.03, 0.015], [0.32, 0.56, 0.075, 0.03, 0.015], [0.32, 0.56, 0.075, 0.03, 0.015], [0.32, 0.56, 0.075, 0.03, 0.015]]",1.0908343975039374,3.8546736142743008,13.175955379956244,0.2518164029452968,1.0,1.0,2.0,2.0,262,None,model
269,"[[0.23, 0.65, 0.075, 0.03, 0.015], [0.23, 0.65, 0.075, 0.03, 0.015], [0.23, 0.65, 0.075, 0.03, 0.015], [0.23, 0.65, 0.075, 0.03, 0.015]]",1.0009759998316043,8.204446417046556,41.42453780106846,0.1938631629505944,3.0,2.0,2.0,1.0,269,None,model
271,"[[0.26, 0.62, 0.075, 0.03, 0.015], [0.26, 0.62, 0.075, 0.03, 0.015], [0.26, 0.62, 0.075, 0.03, 0.015], [0.26, 0.62, 0.075, 0.03, 0.015]]",1.099273307336773,6.6304819076194725,41.73008045971214,0.2827056930253023,2.0,4.0,2.0,2.0,271,None,model
272,"[[0.25, 0.63, 0.075, 0.03, 0.015], [0.25, 0.63, 0.075, 0.03, 0.015], [0.25, 0.63, 0.075, 0.03, 0.015], [0.25, 0.63, 0.075, 0.03, 0.015]]",1.0348499020340236,2.6125509220212693,33.81102338916392,0.298674164499598,1.0,4.0,2.0,2.0,272,None,model
273,"[[0.42, 0.46, 0.075, 0.03, 0.015], [0.42, 0.46, 0.075, 0.03, 0.015], [0.42, 0.46, 0.075, 0.03, 0.015], [0.42, 0.46, 0.075, 0.03, 0.015]]",0.8946277507103237,6.405056251014077,46.37694918191529,0.22331278713911,5.0,5.0,2.0,1.0,273,None,model
274,"[[0.39, 0.49, 0.075, 0.03, 0.015], [0.39, 0.49, 0.075, 0.03, 0.015], [0.39, 0.49, 0.075, 0.03, 0.015], [0.39, 0.49, 0.075, 0.03, 0.015]]",1.0246387086754687,6.914853177539409,26.61460192084755,0.2988498213011751,2.0,3.0,2.0,1.0,274,None,model
275,"[[0.36, 0.52, 0.075, 0.03, 0.015], [0.36, 0.52, 0.075, 0.03, 0.015], [0.36, 0.52, 0.075, 0.03, 0.015], [0.36, 0.52, 0.075, 0.03, 0.015]]",0.8724527742036169,5.6620815573994205,15.72955796051987,0.212304944742814,2.0,2.0,1.0,3.0,275,None,model
277,"[[0.43, 0.45, 0.075, 0.03, 0.015], [0.43, 0.45, 0.075, 0.03, 0.015], [0.43, 0.45, 0.075, 0.03, 0.015], [0.43, 0.45, 0.075, 0.03, 0.015]]",0.9623990836110164,7.878860841872856,13.037358734068832,0.2012218575394984,4.0,5.0,1.0,1.0,277,None,model
282,"[[0.34, 0.54, 0.075, 0.03, 0.015], [0.34, 0.54, 0.075, 0.03, 0.015], [0.34, 0.54, 0.075, 0.03, 0.015], [0.34, 0.54, 0.075, 0.03, 0.015]]",0.9709528624890492,6.897201678047689,11.251012167709316,0.1979031671246745,5.0,3.0,2.0,1.0,282,None,model
283,"[[0.37, 0.51, 0.075, 0.03, 0.015], [0.37, 0.51, 0.075, 0.03, 0.015], [0.37, 0.51, 0.075, 0.03, 0.015], [0.37, 0.51, 0.075, 0.03, 0.015]]",0.8973146769151369,2.6944900403695886,27.905534268129568,0.2260548923747375,1.0,2.0,2.0,3.0,283,None,model
292,"[[0.2, 0.68, 0.075, 0.03, 0.015], [0.2, 0.68, 0.075, 0.03, 0.015], [0.2, 0.68, 0.075, 0.03, 0.015], [0.2, 0.68, 0.075, 0.03, 0.015]]",1.0568093361783144,4.643260898477269,13.286913302282825,0.2052812852132351,4.0,2.0,2.0,1.0,292,None,model
297,"[[0.15, 0.73, 0.075, 0.03, 0.015], [0.15, 0.73, 0.075, 0.03, 0.015], [0.15, 0.73, 0.075, 0.03, 0.015], [0.15, 0.73, 0.075, 0.03, 0.015]]",0.8470598911586494,4.727958858086009,11.77153536806335,0.2551685979066591,5.0,3.0,2.0,1.0,297,None,model
302,"[[0.19, 0.69, 0.075, 0.03, 0.015], [0.19, 0.69, 0.075, 0.03, 0.015], [0.19, 0.69, 0.075, 0.03, 0.015], [0.19, 0.69, 0.075, 0.03, 0.015]]",1.0327778837058148,6.084814396318777,18.89365603612607,0.2109495502363286,1.0,3.0,2.0,3.0,302,None,model
303,"[[0.27, 0.61, 0.075, 0.03, 0.015], [0.27, 0.61, 0.075, 0.03, 0.015], [0.27, 0.61, 0.075, 0.03, 0.015], [0.27, 0.61, 0.075, 0.03, 0.015]]",1.0894144851481256,6.554510170611181,27.959554212332392,0.1696658499585281,3.0,3.0,2.0,1.0,303,None,model
310,"[[0.2, 0.68, 0.075, 0.03, 0.015], [0.2, 0.68, 0.075, 0.03, 0.015], [0.2, 0.68, 0.075, 0.03, 0.015], [0.2, 0.68, 0.075, 0.03, 0.015]]",0.939257878456638,4.252891260472912,44.3119116181009,0.2311339015545693,2.0,5.0,1.0,1.0,310,None,model
312,"[[0.31, 0.57, 0.075, 0.03, 0.015], [0.31, 0.57, 0.075, 0.03, 0.015], [0.31, 0.57, 0.075, 0.03, 0.015], [0.31, 0.57, 0.075, 0.03, 0.015]]",1.0285422786019005,2.269788855793532,43.29063265386932,0.2299380526200251,5.0,5.0,1.0,3.0,312,None,model
318,"[[0.35, 0.53, 0.075, 0.03, 0.015], [0.35, 0.53, 0.075, 0.03, 0.015], [0.35, 0.53, 0.075, 0.03, 0.015], [0.35, 0.53, 0.075, 0.03, 0.015]]",1.1251549762149744,5.959872673352095,25.00849215659681,0.2661915209387657,3.0,5.0,1.0,2.0,318,None,model
325,"[[0.3, 0.58, 0.075, 0.03, 0.015], [0.3, 0.58, 0.075, 0.03, 0.015], [0.3, 0.58, 0.075, 0.03, 0.015], [0.3, 0.58, 0.075, 0.03, 0.015]]",0.8081392705360669,3.30677353358215,40.69135650487984,0.1879529100125597,2.0,1.0,1.0,1.0,325,None,model
327,"[[0.17, 0.71, 0.075, 0.03, 0.015], [0.17, 0.71, 0.075, 0.03, 0.015], [0.17, 0.71, 0.075, 0.03, 0.015], [0.17, 0.71, 0.075, 0.03, 0.015]]",0.7600152016270136,5.509444896918163,49.668033399306616,0.2790347695287529,3.0,3.0,2.0,1.0,327,None,model
343,"[[0.16, 0.72, 0.075, 0.03, 0.015], [0.16, 0.72, 0.075, 0.03, 0.015], [0.16, 0.72, 0.075, 0.03, 0.015], [0.16, 0.72, 0.075, 0.03, 0.015]]",0.7888306599753533,8.603588358082577,35.273752170899115,0.2489648726032361,2.0,2.0,2.0,1.0,343,None,model
345,"[[0.38, 0.5, 0.075, 0.03, 0.015], [0.38, 0.5, 0.075, 0.03, 0.015], [0.38, 0.5, 0.075, 0.03, 0.015], [0.38, 0.5, 0.075, 0.03, 0.015]]",0.8775566269695995,6.014612229506836,30.64111316508865,0.1842746742288717,1.0,2.0,1.0,2.0,345,None,model
349,"[[0.49, 0.39, 0.075, 0.03, 0.015], [0.49, 0.39, 0.075, 0.03, 0.015], [0.49, 0.39, 0.075, 0.03, 0.015], [0.49, 0.39, 0.075, 0.03, 0.015]]",0.8404414455799574,7.930751316938609,18.019196214822507,0.2138856370042209,1.0,4.0,1.0,1.0,349,None,model
352,"[[0.32, 0.56, 0.075, 0.03, 0.015], [0.32, 0.56, 0.075, 0.03, 0.015], [0.32, 0.56, 0.075, 0.03, 0.015], [0.32, 0.56, 0.075, 0.03, 0.015]]",0.8133823818660422,2.722802269557404,35.28706167487459,0.2305180445815074,5.0,4.0,1.0,3.0,352,None,model
353,"[[0.22, 0.66, 0.075, 0.03, 0.015], [0.22, 0.66, 0.075, 0.03, 0.015], [0.22, 0.66, 0.075, 0.03, 0.015], [0.22, 0.66, 0.075, 0.03, 0.015]]",0.8306947294369386,4.265125979495852,28.72461131071887,0.2412709247328409,5.0,3.0,2.0,1.0,353,None,model
356,"[[0.16, 0.72, 0.075, 0.03, 0.015], [0.16, 0.72, 0.075, 0.03, 0.015], [0.16, 0.72, 0.075, 0.03, 0.015], [0.16, 0.72, 0.075, 0.03, 0.015]]",1.015574279009876,3.1786757645540487,22.36876913355442,0.2017486278910306,1.0,4.0,1.0,1.0,356,None,model
358,"[[0.21, 0.67, 0.075, 0.03, 0.015], [0.21, 0.67, 0.075, 0.03, 0.015], [0.21, 0.67, 0.075, 0.03, 0.015], [0.21, 0.67, 0.075, 0.03, 0.015]]",1.1009570568395388,7.191062181346455,24.34656975147109,0.1527083769411386,1.0,2.0,1.0,1.0,358,None,model
363,"[[0.38, 0.5, 0.075, 0.03, 0.015], [0.38, 0.5, 0.075, 0.03, 0.015], [0.38, 0.5, 0.075, 0.03, 0.015], [0.38, 0.5, 0.075, 0.03, 0.015]]",0.8188835708151652,3.139767713942149,43.71360327287437,0.2481034520572901,5.0,1.0,2.0,2.0,363,None,model
364,"[[0.15, 0.73, 0.075, 0.03, 0.015], [0.15, 0.73, 0.075, 0.03, 0.015], [0.15, 0.73, 0.075, 0.03, 0.015], [0.15, 0.73, 0.075, 0.03, 0.015]]",0.9982146885608988,9.711984079348412,13.417536993413297,0.1982639483751107,2.0,2.0,1.0,2.0,364,None,model
369,"[[0.5, 0.38, 0.075, 0.03, 0.015], [0.5, 0.38, 0.075, 0.03, 0.015], [0.5, 0.38, 0.075, 0.03, 0.015], [0.5, 0.38, 0.075, 0.03, 0.015]]",0.879938894315992,2.1283673546381814,23.20756357325569,0.2612072409389999,1.0,1.0,1.0,1.0,369,None,model
371,"[[0.48, 0.4, 0.075, 0.03, 0.015], [0.48, 0.4, 0.075, 0.03, 0.015], [0.48, 0.4, 0.075, 0.03, 0.015], [0.48, 0.4, 0.075, 0.03, 0.015]]",1.1356290583180568,9.827397602343927,34.80764328649568,0.2933683707119573,4.0,4.0,1.0,3.0,371,None,model
373,"[[0.27, 0.61, 0.075, 0.03, 0.015], [0.27, 0.61, 0.075, 0.03, 0.015], [0.27, 0.61, 0.075, 0.03, 0.015], [0.27, 0.61, 0.075, 0.03, 0.015]]",0.7744877049839921,9.880964817439033,41.18847083392508,0.2253189385566438,2.0,3.0,1.0,2.0,373,None,model
386,"[[0.37, 0.51, 0.075, 0.03, 0.015], [0.37, 0.51, 0.075, 0.03, 0.015], [0.37, 0.51, 0.075, 0.03, 0.015], [0.37, 0.51, 0.075, 0.03, 0.015]]",0.9565756007924804,5.83507356092932,5.018255253966372,0.1691010288387503,2.0,5.0,2.0,3.0,386,None,model
391,"[[0.46, 0.42, 0.075, 0.03, 0.015], [0.46, 0.42, 0.075, 0.03, 0.015], [0.46, 0.42, 0.075, 0.03, 0.015], [0.46, 0.42, 0.075, 0.03, 0.015]]",0.9195163211030803,2.051446257072476,33.5314949634913,0.1741183263505568,4.0,5.0,1.0,2.0,391,None,model
395,"[[0.49, 0.39, 0.075, 0.03, 0.015], [0.49, 0.39, 0.075, 0.03, 0.015], [0.49, 0.39, 0.075, 0.03, 0.015], [0.49, 0.39, 0.075, 0.03, 0.015]]",0.7951274142056397,2.250279921404637,26.82365056053136,0.1862906841990262,4.0,2.0,1.0,1.0,395,None,model
399,"[[0.32, 0.56, 0.075, 0.03, 0.015], [0.32, 0.56, 0.075, 0.03, 0.015], [0.32, 0.56, 0.075, 0.03, 0.015], [0.32, 0.56, 0.075, 0.03, 0.015]]",0.7856490110595296,3.9631685872694353,22.569710288327936,0.2140859287171701,5.0,5.0,2.0,2.0,399,None,model
400,"[[0.39, 0.49, 0.075, 0.03, 0.015], [0.39, 0.49, 0.075, 0.03, 0.015], [0.39, 0.49, 0.075, 0.03, 0.015], [0.39, 0.49, 0.075, 0.03, 0.015]]",0.7755502025674629,8.243652214662646,42.35063788672733,0.2376698866025268,1.0,1.0,1.0,1.0,400,None,model
408,"[[0.43, 0.45, 0.075, 0.03, 0.015], [0.43, 0.45, 0.075, 0.03, 0.015], [0.43, 0.45, 0.075, 0.03, 0.015], [0.43, 0.45, 0.075, 0.03, 0.015]]",1.097873498429058,7.197534418928673,27.8554267889316,0.2460623413516646,1.0,2.0,1.0,3.0,408,None,model
421,"[[0.5, 0.38, 0.075, 0.03, 0.015], [0.5, 0.38, 0.075, 0.03, 0.015], [0.5, 0.38, 0.075, 0.03, 0.015], [0.5, 0.38, 0.075, 0.03, 0.015]]",0.7812685959480465,2.4724007619205675,9.442892303811416,0.2913734049300479,1.0,2.0,2.0,1.0,421,None,model
424,"[[0.23, 0.65, 0.075, 0.03, 0.015], [0.23, 0.65, 0.075, 0.03, 0.015], [0.23, 0.65, 0.075, 0.03, 0.015], [0.23, 0.65, 0.075, 0.03, 0.015]]",0.9201971252420728,7.093451467710584,28.531174677072755,0.217169879822144,4.0,1.0,1.0,2.0,424,None,model
437,"[[0.4, 0.48, 0.075, 0.03, 0.015], [0.4, 0.48, 0.075, 0.03, 0.015], [0.4, 0.48, 0.075, 0.03, 0.015], [0.4, 0.48, 0.075, 0.03, 0.015]]",0.9462599281877552,5.123477333745531,9.070488963608238,0.2848995633543841,1.0,3.0,1.0,1.0,437,None,model
445,"[[0.18, 0.7, 0.075, 0.03, 0.015], [0.18, 0.7, 0.075, 0.03, 0.015], [0.18, 0.7, 0.075, 0.03, 0.015], [0.18, 0.7, 0.075, 0.03, 0.015]]",1.1149474117760847,8.888407917464445,24.265888325371545,0.2819919887608412,1.0,4.0,2.0,2.0,445,None,model
446,"[[0.37, 0.51, 0.075, 0.03, 0.015], [0.37, 0.51, 0.075, 0.03, 0.015], [0.37, 0.51, 0.075, 0.03, 0.015], [0.37, 0.51, 0.075, 0.03, 0.015]]",0.831314837761689,6.386430902401063,13.335247852111491,0.2246723962056317,5.0,1.0,2.0,1.0,446,None,model
448,"[[0.15, 0.73, 0.075, 0.03, 0.015], [0.15, 0.73, 0.075, 0.03, 0.015], [0.15, 0.73, 0.075, 0.03, 0.015], [0.15, 0.73, 0.075, 0.03, 0.015]]",0.7607251019393574,4.203659311302932,16.714863140271536,0.2042227777057527,5.0,5.0,2.0,2.0,448,None,model
450,"[[0.25, 0.63, 0.075, 0.03, 0.015], [0.25, 0.63, 0.075, 0.03, 0.015], [0.25, 0.63, 0.075, 0.03, 0.015], [0.25, 0.63, 0.075, 0.03, 0.015]]",0.7918627621920357,6.704254001572003,41.90064389700721,0.2972099988984723,5.0,1.0,2.0,3.0,450,None,model
451,"[[0.17, 0.71, 0.075, 0.03, 0.015], [0.17, 0.71, 0.075, 0.03, 0.015], [0.17, 0.71, 0.075, 0.03, 0.015], [0.17, 0.71, 0.075, 0.03, 0.015]]",0.914705365392368,2.274869122957468,10.813555077776666,0.2329104108131396,5.0,2.0,2.0,3.0,451,None,model
452,"[[0.42, 0.46, 0.075, 0.03, 0.015], [0.42, 0.46, 0.075, 0.03, 0.015], [0.42, 0.46, 0.075, 0.03, 0.015], [0.42, 0.46, 0.075, 0.03, 0.015]]",1.0235708345427348,6.726927971656424,43.80474666045525,0.2015359631967008,5.0,1.0,1.0,1.0,452,None,model
454,"[[0.47, 0.41, 0.075, 0.03, 0.015], [0.47, 0.41, 0.075, 0.03, 0.015], [0.47, 0.41, 0.075, 0.03, 0.015], [0.47, 0.41, 0.075, 0.03, 0.015]]",1.1459134861619646,4.638252010240086,45.772624839783056,0.2504241851423021,2.0,3.0,2.0,1.0,454,None,model
458,"[[0.34, 0.54, 0.075, 0.03, 0.015], [0.34, 0.54, 0.075, 0.03, 0.015], [0.34, 0.54, 0.075, 0.03, 0.015], [0.34, 0.54, 0.075, 0.03, 0.015]]",1.1587558721037905,7.840913924047456,49.45908286774549,0.1729249830952159,3.0,3.0,1.0,3.0,458,None,model
459,"[[0.16, 0.72, 0.075, 0.03, 0.015], [0.16, 0.72, 0.075, 0.03, 0.015], [0.16, 0.72, 0.075, 0.03, 0.015], [0.16, 0.72, 0.075, 0.03, 0.015]]",1.095678256531958,9.155803951903383,21.82672564700833,0.2385686749207012,1.0,1.0,1.0,1.0,459,None,model
461,"[[0.46, 0.42, 0.075, 0.03, 0.015], [0.46, 0.42, 0.075, 0.03, 0.015], [0.46, 0.42, 0.075, 0.03, 0.015], [0.46, 0.42, 0.075, 0.03, 0.015]]",1.073467262708523,3.759451142030871,35.12500899100378,0.2838712220026707,3.0,5.0,2.0,1.0,461,None,model
476,"[[0.17, 0.71, 0.075, 0.03, 0.015], [0.17, 0.71, 0.075, 0.03, 0.015], [0.17, 0.71, 0.075, 0.03, 0.015], [0.17, 0.71, 0.075, 0.03, 0.015]]",1.129394653069088,7.780562187217422,34.33788876185105,0.2574526900107882,4.0,5.0,2.0,2.0,476,None,model
485,"[[0.16, 0.72, 0.075, 0.03, 0.015], [0.16, 0.72, 0.075, 0.03, 0.015], [0.16, 0.72, 0.075, 0.03, 0.015], [0.16, 0.72, 0.075, 0.03, 0.015]]",0.7866316783255614,6.136950401435386,7.855638723002816,0.1948221407066625,5.0,5.0,2.0,1.0,485,None,model
487,"[[0.39, 0.49, 0.075, 0.03, 0.015], [0.39, 0.49, 0.075, 0.03, 0.015], [0.39, 0.49, 0.075, 0.03, 0.015], [0.39, 0.49, 0.075, 0.03, 0.015]]",0.8610783969348682,8.283592211439597,18.469318179143364,0.1613760403224193,4.0,1.0,2.0,3.0,487,None,model
489,"[[0.24, 0.64, 0.075, 0.03, 0.015], [0.24, 0.64, 0.075, 0.03, 0.015], [0.24, 0.64, 0.075, 0.03, 0.015], [0.24, 0.64, 0.075, 0.03, 0.015]]",1.1312947958734887,5.458272504635742,19.195540543200515,0.2717459234845809,5.0,3.0,1.0,2.0,489,None,model
490,"[[0.37, 0.51, 0.075, 0.03, 0.015], [0.37, 0.51, 0.075, 0.03, 0.015], [0.37, 0.51, 0.075, 0.03, 0.015], [0.37, 0.51, 0.075, 0.03, 0.015]]",0.9602071332510352,3.684938429458753,8.299204785244152,0.2216145727580243,5.0,2.0,2.0,2.0,490,None,model
494,"[[0.49, 0.39, 0.075, 0.03, 0.015], [0.49, 0.39, 0.075, 0.03, 0.015], [0.49, 0.39, 0.075, 0.03, 0.015], [0.49, 0.39, 0.075, 0.03, 0.015]]",1.080658023544126,3.836347818837723,39.73575513527648,0.2874744825478706,4.0,2.0,1.0,1.0,494,None,model
496,"[[0.37, 0.51, 0.075, 0.03, 0.015], [0.37, 0.51, 0.075, 0.03, 0.015], [0.37, 0.51, 0.075, 0.03, 0.015], [0.37, 0.51, 0.075, 0.03, 0.015]]",0.762733558120939,7.499788632308896,25.823298222257044,0.1501971239574671,4.0,5.0,1.0,3.0,496,None,model
513,"[[0.31, 0.57, 0.075, 0.03, 0.015], [0.31, 0.57, 0.075, 0.03, 0.015], [0.31, 0.57, 0.075, 0.03, 0.015], [0.31, 0.57, 0.075, 0.03, 0.015]]",0.9698525084683198,3.9517337644104895,35.92000406145662,0.1864022387321147,3.0,1.0,2.0,2.0,513,None,model
514,"[[0.15, 0.73, 0.075, 0.03, 0.015], [0.15, 0.73, 0.075, 0.03, 0.015], [0.15, 0.73, 0.075, 0.03, 0.015], [0.15, 0.73, 0.075, 0.03, 0.015]]",0.9404733074917468,7.6636870979994915,17.791739734904873,0.1666003458219667,1.0,4.0,2.0,1.0,514,None,model
517,"[[0.38, 0.5, 0.075, 0.03, 0.015], [0.38, 0.5, 0.075, 0.03, 0.015], [0.38, 0.5, 0.075, 0.03, 0.015], [0.38, 0.5, 0.075, 0.03, 0.015]]",1.1386208834576768,4.130525360658122,26.3236620912595,0.2278420031465411,3.0,5.0,1.0,1.0,517,None,model
518,"[[0.16, 0.72, 0.075, 0.03, 0.015], [0.16, 0.72, 0.075, 0.03, 0.015], [0.16, 0.72, 0.075, 0.03, 0.015], [0.16, 0.72, 0.075, 0.03, 0.015]]",0.888520362889118,6.50453448753478,8.221751477185988,0.2249571432726811,3.0,4.0,2.0,1.0,518,None,model
519,"[[0.42, 0.46, 0.075, 0.03, 0.015], [0.42, 0.46, 0.075, 0.03, 0.015], [0.42, 0.46, 0.075, 0.03, 0.015], [0.42, 0.46, 0.075, 0.03, 0.015]]",0.8593944326454603,8.651226345674385,24.41501082575944,0.1926676851425728,3.0,2.0,1.0,2.0,519,None,model
522,"[[0.32, 0.56, 0.075, 0.03, 0.015], [0.32, 0.56, 0.075, 0.03, 0.015], [0.32, 0.56, 0.075, 0.03, 0.015], [0.32, 0.56, 0.075, 0.03, 0.015]]",1.1556442589972054,6.342264577999534,36.96833187884579,0.2731729700016773,2.0,3.0,1.0,1.0,522,None,model
538,"[[0.47, 0.41, 0.075, 0.03, 0.015], [0.47, 0.41, 0.075, 0.03, 0.015], [0.47, 0.41, 0.075, 0.03, 0.015], [0.47, 0.41, 0.075, 0.03, 0.015]]",0.8725136877701284,5.403223472825218,10.441400093938192,0.2093244029946907,3.0,5.0,2.0,2.0,538,None,model
542,"[[0.17, 0.71, 0.075, 0.03, 0.015], [0.17, 0.71, 0.075, 0.03, 0.015], [0.17, 0.71, 0.075, 0.03, 0.015], [0.17, 0.71, 0.075, 0.03, 0.015]]",0.8179308371355145,7.973336734031619,44.501776415131125,0.2155791557754465,4.0,2.0,1.0,3.0,542,None,model
547,"[[0.45, 0.43, 0.075, 0.03, 0.015], [0.45, 0.43, 0.075, 0.03, 0.015], [0.45, 0.43, 0.075, 0.03, 0.015], [0.45, 0.43, 0.075, 0.03, 0.015]]",1.13687772690349,4.07202251145955,29.85083887047476,0.2919569396459828,4.0,2.0,2.0,3.0,547,None,model
551,"[[0.29, 0.59, 0.075, 0.03, 0.015], [0.29, 0.59, 0.075, 0.03, 0.015], [0.29, 0.59, 0.075, 0.03, 0.015], [0.29, 0.59, 0.075, 0.03, 0.015]]",1.0115979849803214,2.7930156114149964,10.788249470657025,0.2342843933058922,4.0,1.0,2.0,2.0,551,None,model
552,"[[0.35, 0.53, 0.075, 0.03, 0.015], [0.35, 0.53, 0.075, 0.03, 0.015], [0.35, 0.53, 0.075, 0.03, 0.015], [0.35, 0.53, 0.075, 0.03, 0.015]]",0.9816769816568692,9.859529093523587,46.25292139503257,0.2592335855069476,5.0,1.0,2.0,3.0,552,None,model
563,"[[0.15, 0.73, 0.075, 0.03, 0.015], [0.15, 0.73, 0.075, 0.03, 0.015], [0.15, 0.73, 0.075, 0.03, 0.015], [0.15, 0.73, 0.075, 0.03, 0.015]]",0.9745630726487572,7.745299307360826,37.99563571194192,0.2901953304580361,3.0,5.0,2.0,1.0,563,None,model
583,"[[0.18, 0.7, 0.075, 0.03, 0.015], [0.18, 0.7, 0.075, 0.03, 0.015], [0.18, 0.7, 0.075, 0.03, 0.015], [0.18, 0.7, 0.075, 0.03, 0.015]]",0.7764639666192202,2.4035652353805825,45.38675209495167,0.2729485028666201,5.0,1.0,2.0,2.0,583,None,model
588,"[[0.35, 0.53, 0.075, 0.03, 0.015], [0.35, 0.53, 0.075, 0.03, 0.015], [0.35, 0.53, 0.075, 0.03, 0.015], [0.35, 0.53, 0.075, 0.03, 0.015]]",1.1398076554581145,2.2286862292606497,40.09712957546414,0.2361457653409415,1.0,4.0,2.0,1.0,588,None,model
589,"[[0.46, 0.42, 0.075, 0.03, 0.015], [0.46, 0.42, 0.075, 0.03, 0.015], [0.46, 0.42, 0.075, 0.03, 0.015], [0.46, 0.42, 0.075, 0.03, 0.015]]",0.8627735867094667,3.79914071190745,26.19450016877514,0.1853475900312678,1.0,5.0,1.0,1.0,589,None,model
592,"[[0.28, 0.6, 0.075, 0.03, 0.015], [0.28, 0.6, 0.075, 0.03, 0.015], [0.28, 0.6, 0.075, 0.03, 0.015], [0.28, 0.6, 0.075, 0.03, 0.015]]",0.7555946199338341,7.693289098023261,40.66723543625261,0.2101433197892137,4.0,5.0,1.0,1.0,592,None,model
594,"[[0.4, 0.48, 0.075, 0.03, 0.015], [0.4, 0.48, 0.075, 0.03, 0.015], [0.4, 0.48, 0.075, 0.03, 0.015], [0.4, 0.48, 0.075, 0.03, 0.015]]",0.9455870036357272,4.557278939777909,48.65444685925927,0.2410086131032165,3.0,5.0,2.0,2.0,594,None,model
596,"[[0.3, 0.58, 0.075, 0.03, 0.015], [0.3, 0.58, 0.075, 0.03, 0.015], [0.3, 0.58, 0.075, 0.03, 0.015], [0.3, 0.58, 0.075, 0.03, 0.015]]",0.7788405283390512,8.100041381567824,27.652513485634525,0.2046033441211068,4.0,1.0,1.0,2.0,596,None,model
600,"[[0.16, 0.72, 0.075, 0.03, 0.015], [0.16, 0.72, 0.075, 0.03, 0.015], [0.16, 0.72, 0.075, 0.03, 0.015], [0.16, 0.72, 0.075, 0.03, 0.015]]",0.8804587868157242,4.7626352403645775,34.779402573935954,0.2050786725383001,1.0,4.0,2.0,1.0,600,None,model
601,"[[0.22, 0.66, 0.075, 0.03, 0.015], [0.22, 0.66, 0.075, 0.03, 0.015], [0.22, 0.66, 0.075, 0.03, 0.015], [0.22, 0.66, 0.075, 0.03, 0.015]]",1.1154038476390251,3.7671886252367273,45.3102905875675,0.2268378340144957,1.0,2.0,1.0,2.0,601,None,model
603,"[[0.17, 0.71, 0.075, 0.03, 0.015], [0.17, 0.71, 0.075, 0.03, 0.015], [0.17, 0.71, 0.075, 0.03, 0.015], [0.17, 0.71, 0.075, 0.03, 0.015]]",1.0846214272691086,9.08595251507635,46.79097886591013,0.1809133689088733,2.0,2.0,2.0,3.0,603,None,model
621,"[[0.41, 0.47, 0.075, 0.03, 0.015], [0.41, 0.47, 0.075, 0.03, 0.015], [0.41, 0.47, 0.075, 0.03, 0.015], [0.41, 0.47, 0.075, 0.03, 0.015]]",0.8326549043906513,2.985486463247779,40.58417835622118,0.2334579052051141,2.0,4.0,1.0,1.0,621,None,model
624,"[[0.38, 0.5, 0.075, 0.03, 0.015], [0.38, 0.5, 0.075, 0.03, 0.015], [0.38, 0.5, 0.075, 0.03, 0.015], [0.38, 0.5, 0.075, 0.03, 0.015]]",0.8153825957255891,5.392257073059229,21.071070770904115,0.2506296442026303,2.0,4.0,1.0,3.0,624,None,model
625,"[[0.18, 0.7, 0.075, 0.03, 0.015], [0.18, 0.7, 0.075, 0.03, 0.015], [0.18, 0.7, 0.075, 0.03, 0.015], [0.18, 0.7, 0.075, 0.03, 0.015]]",1.0980608727494785,5.345088449065054,9.095041950924136,0.1818923091091052,2.0,1.0,1.0,2.0,625,None,model
626,"[[0.39, 0.49, 0.075, 0.03, 0.015], [0.39, 0.49, 0.075, 0.03, 0.015], [0.39, 0.49, 0.075, 0.03, 0.015], [0.39, 0.49, 0.075, 0.03, 0.015]]",1.0560712049221426,6.467321973050311,12.82558354413274,0.1748520023856761,2.0,5.0,1.0,1.0,626,None,model
633,"[[0.22, 0.66, 0.075, 0.03, 0.015], [0.22, 0.66, 0.075, 0.03, 0.015], [0.22, 0.66, 0.075, 0.03, 0.015], [0.22, 0.66, 0.075, 0.03, 0.015]]",1.1340909420837728,2.644030539664046,33.43859420448608,0.1642578494997137,2.0,4.0,1.0,3.0,633,None,model
634,"[[0.42, 0.46, 0.075, 0.03, 0.015], [0.42, 0.46, 0.075, 0.03, 0.015], [0.42, 0.46, 0.075, 0.03, 0.015], [0.42, 0.46, 0.075, 0.03, 0.015]]",0.8268195458609858,4.532659816824268,39.17652142093682,0.2129740820987112,4.0,3.0,1.0,2.0,634,None,model
635,"[[0.29, 0.59, 0.075, 0.03, 0.015], [0.29, 0.59, 0.075, 0.03, 0.015], [0.29, 0.59, 0.075, 0.03, 0.015], [0.29, 0.59, 0.075, 0.03, 0.015]]",0.9940794287078996,7.127775558771201,7.620886281524249,0.2390831274561625,3.0,3.0,1.0,3.0,635,None,model
636,"[[0.47, 0.41, 0.075, 0.03, 0.015], [0.47, 0.41, 0.075, 0.03, 0.015], [0.47, 0.41, 0.075, 0.03, 0.015], [0.47, 0.41, 0.075, 0.03, 0.015]]",1.116600368330179,8.985455900589916,21.33994623246233,0.2786977168692618,4.0,3.0,1.0,1.0,636,None,model
637,"[[0.26, 0.62, 0.075, 0.03, 0.015], [0.26, 0.62, 0.075, 0.03, 0.015], [0.26, 0.62, 0.075, 0.03, 0.015], [0.26, 0.62, 0.075, 0.03, 0.015]]",0.7901942587628518,7.436854527169494,36.76197773181782,0.2180991153876571,1.0,3.0,2.0,1.0,637,None,model
652,"[[0.34, 0.54, 0.075, 0.03, 0.015], [0.34, 0.54, 0.075, 0.03, 0.015], [0.34, 0.54, 0.075, 0.03, 0.015], [0.34, 0.54, 0.075, 0.03, 0.015]]",0.7871834345056814,2.287964290140884,10.070702028394145,0.2222458548283237,5.0,2.0,2.0,3.0,652,None,model
654,"[[0.18, 0.7, 0.075, 0.03, 0.015], [0.18, 0.7, 0.075, 0.03, 0.015], [0.18, 0.7, 0.075, 0.03, 0.015], [0.18, 0.7, 0.075, 0.03, 0.015]]",0.8453237687563545,8.375003411257099,28.152983814270478,0.2073991734150628,1.0,3.0,2.0,3.0,654,None,model
657,"[[0.15, 0.73, 0.075, 0.03, 0.015], [0.15, 0.73, 0.075, 0.03, 0.015], [0.15, 0.73, 0.075, 0.03, 0.015], [0.15, 0.73, 0.075, 0.03, 0.015]]",1.051878342150496,5.288725127799463,15.633669130073306,0.295568893887828,1.0,3.0,1.0,1.0,657,None,model
658,"[[0.39, 0.49, 0.075, 0.03, 0.015], [0.39, 0.49, 0.075, 0.03, 0.015], [0.39, 0.49, 0.075, 0.03, 0.015], [0.39, 0.49, 0.075, 0.03, 0.015]]",1.1038761574070108,8.020952634399274,21.881867681918894,0.2192857804780577,3.0,4.0,2.0,2.0,658,None,model
661,"[[0.48, 0.4, 0.075, 0.03, 0.015], [0.48, 0.4, 0.075, 0.03, 0.015], [0.48, 0.4, 0.075, 0.03, 0.015], [0.48, 0.4, 0.075, 0.03, 0.015]]",0.972047554025512,6.810302567234446,6.904102099130341,0.1873315327001214,5.0,2.0,2.0,3.0,661,None,model
672,"[[0.47, 0.41, 0.075, 0.03, 0.015], [0.47, 0.41, 0.075, 0.03, 0.015], [0.47, 0.41, 0.075, 0.03, 0.015], [0.47, 0.41, 0.075, 0.03, 0.015]]",0.7624764074288849,5.977826910919371,29.17515795103871,0.1537823713983324,4.0,3.0,1.0,3.0,672,None,model
685,"[[0.22, 0.66, 0.075, 0.03, 0.015], [0.22, 0.66, 0.075, 0.03, 0.015], [0.22, 0.66, 0.075, 0.03, 0.015], [0.22, 0.66, 0.075, 0.03, 0.015]]",0.9065356086776908,7.724242906429336,21.27365168592782,0.2803042257409883,2.0,3.0,2.0,2.0,685,None,model
686,"[[0.32, 0.56, 0.075, 0.03, 0.015], [0.32, 0.56, 0.075, 0.03, 0.015], [0.32, 0.56, 0.075, 0.03, 0.015], [0.32, 0.56, 0.075, 0.03, 0.015]]",1.0311748204235236,4.670952330302988,35.21571319392516,0.2906777838157146,4.0,3.0,2.0,3.0,686,None,model
695,"[[0.41, 0.47, 0.075, 0.03, 0.015], [0.41, 0.47, 0.075, 0.03, 0.015], [0.41, 0.47, 0.075, 0.03, 0.015], [0.41, 0.47, 0.075, 0.03, 0.015]]",0.8182553158055591,3.224827824398621,45.07779288396908,0.2908608493663227,2.0,1.0,1.0,1.0,695,None,model
698,"[[0.49, 0.39, 0.075, 0.03, 0.015], [0.49, 0.39, 0.075, 0.03, 0.015], [0.49, 0.39, 0.075, 0.03, 0.015], [0.49, 0.39, 0.075, 0.03, 0.015]]",1.042541680964033,2.971342442556372,13.222968018378133,0.2420516236736581,3.0,1.0,2.0,2.0,698,None,model
705,"[[0.29, 0.59, 0.075, 0.03, 0.015], [0.29, 0.59, 0.075, 0.03, 0.015], [0.29, 0.59, 0.075, 0.03, 0.015], [0.29, 0.59, 0.075, 0.03, 0.015]]",1.0003591361844557,9.210736715881362,5.359055447936947,0.1710998153293207,1.0,2.0,1.0,3.0,705,None,model
707,"[[0.25, 0.63, 0.075, 0.03, 0.015], [0.25, 0.63, 0.075, 0.03, 0.015], [0.25, 0.63, 0.075, 0.03, 0.015], [0.25, 0.63, 0.075, 0.03, 0.015]]",0.8264086728915664,9.891927384051154,47.42227867237207,0.2525396896098212,4.0,2.0,1.0,2.0,707,None,model
712,"[[0.15, 0.73, 0.075, 0.03, 0.015], [0.15, 0.73, 0.075, 0.03, 0.015], [0.15, 0.73, 0.075, 0.03, 0.015], [0.15, 0.73, 0.075, 0.03, 0.015]]",1.09131549782207,3.4745237727253238,20.141665368229823,0.1858052230038781,5.0,2.0,1.0,3.0,712,None,model
715,"[[0.4, 0.48, 0.075, 0.03, 0.015], [0.4, 0.48, 0.075, 0.03, 0.015], [0.4, 0.48, 0.075, 0.03, 0.015], [0.4, 0.48, 0.075, 0.03, 0.015]]",0.7897449311947212,4.606258516892181,13.23626662959138,0.233900086979061,4.0,3.0,2.0,1.0,715,None,model
732,"[[0.23, 0.65, 0.075, 0.03, 0.015], [0.23, 0.65, 0.075, 0.03, 0.015], [0.23, 0.65, 0.075, 0.03, 0.015], [0.23, 0.65, 0.075, 0.03, 0.015]]",0.9515542888327282,7.696650677505771,22.10976212139529,0.1987781022911894,5.0,5.0,1.0,2.0,732,None,model
733,"[[0.44, 0.44, 0.075, 0.03, 0.015], [0.44, 0.44, 0.075, 0.03, 0.015], [0.44, 0.44, 0.075, 0.03, 0.015], [0.44, 0.44, 0.075, 0.03, 0.015]]",1.1096792970238818,4.493303766571152,11.7033998067961,0.2543485593974736,1.0,3.0,1.0,1.0,733,None,model
739,"[[0.41, 0.47, 0.075, 0.03, 0.015], [0.41, 0.47, 0.075, 0.03, 0.015], [0.41, 0.47, 0.075, 0.03, 0.015], [0.41, 0.47, 0.075, 0.03, 0.015]]",1.0816892927308903,6.153987202628812,35.97694133020528,0.2615776038347717,4.0,2.0,1.0,1.0,739,None,model
741,"[[0.25, 0.63, 0.075, 0.03, 0.015], [0.25, 0.63, 0.075, 0.03, 0.015], [0.25, 0.63, 0.075, 0.03, 0.015], [0.25, 0.63, 0.075, 0.03, 0.015]]",0.86638581869966,7.62183829544109,25.337042627979617,0.1887388020671868,3.0,5.0,1.0,1.0,741,None,model
744,"[[0.18, 0.7, 0.075, 0.03, 0.015], [0.18, 0.7, 0.075, 0.03, 0.015], [0.18, 0.7, 0.075, 0.03, 0.015], [0.18, 0.7, 0.075, 0.03, 0.015]]",0.932716836068478,6.271048640327184,6.523101004545636,0.271935862779491,2.0,1.0,1.0,3.0,744,None,model
747,"[[0.38, 0.5, 0.075, 0.03, 0.015], [0.38, 0.5, 0.075, 0.03, 0.015], [0.38, 0.5, 0.075, 0.03, 0.015], [0.38, 0.5, 0.075, 0.03, 0.015]]",0.874938905232227,8.695456032195128,25.536909802582564,0.1754419141288419,4.0,2.0,1.0,3.0,747,None,model
749,"[[0.41, 0.47, 0.075, 0.03, 0.015], [0.41, 0.47, 0.075, 0.03, 0.015], [0.41, 0.47, 0.075, 0.03, 0.015], [0.41, 0.47, 0.075, 0.03, 0.015]]",0.8862115484474166,6.860169868736617,12.970290632757358,0.2915181330082679,4.0,1.0,2.0,2.0,749,None,model
751,"[[0.26, 0.62, 0.075, 0.03, 0.015], [0.26, 0.62, 0.075, 0.03, 0.015], [0.26, 0.62, 0.075, 0.03, 0.015], [0.26, 0.62, 0.075, 0.03, 0.015]]",1.0373705971595473,6.779260777859826,46.68771064149213,0.258042565318121,2.0,3.0,1.0,3.0,751,None,model
756,"[[0.3, 0.58, 0.075, 0.03, 0.015], [0.3, 0.58, 0.075, 0.03, 0.015], [0.3, 0.58, 0.075, 0.03, 0.015], [0.3, 0.58, 0.075, 0.03, 0.015]]",1.077388414151657,2.710391317360477,19.23755682468104,0.1847072800124355,5.0,4.0,1.0,3.0,756,None,model
759,"[[0.19, 0.69, 0.075, 0.03, 0.015], [0.19, 0.69, 0.075, 0.03, 0.015], [0.19, 0.69, 0.075, 0.03, 0.015], [0.19, 0.69, 0.075, 0.03, 0.015]]",0.9369040303243852,7.285995483484057,20.62018585110369,0.2332190515139303,4.0,3.0,1.0,2.0,759,None,model
761,"[[0.24, 0.64, 0.075, 0.03, 0.015], [0.24, 0.64, 0.075, 0.03, 0.015], [0.24, 0.64, 0.075, 0.03, 0.015], [0.24, 0.64, 0.075, 0.03, 0.015]]",0.9936805014150272,2.3521437450647653,30.78627314968887,0.2976005452994832,5.0,4.0,2.0,3.0,761,None,model
765,"[[0.15, 0.73, 0.075, 0.03, 0.015], [0.15, 0.73, 0.075, 0.03, 0.015], [0.15, 0.73, 0.075, 0.03, 0.015], [0.15, 0.73, 0.075, 0.03, 0.015]]",1.0972372878749996,8.59150552807531,44.5671994028819,0.2218934783463504,3.0,4.0,2.0,1.0,765,None,model
773,"[[0.45, 0.43, 0.075, 0.03, 0.015], [0.45, 0.43, 0.075, 0.03, 0.015], [0.45, 0.43, 0.075, 0.03, 0.015], [0.45, 0.43, 0.075, 0.03, 0.015]]",0.8356167847316984,6.69279291641062,23.43901271514453,0.2283717232288993,4.0,5.0,2.0,1.0,773,None,model
780,"[[0.3, 0.58, 0.075, 0.03, 0.015], [0.3, 0.58, 0.075, 0.03, 0.015], [0.3, 0.58, 0.075, 0.03, 0.015], [0.3, 0.58, 0.075, 0.03, 0.015]]",0.9227016459840656,3.621950663954253,37.06007676959484,0.2624573149853231,1.0,3.0,2.0,3.0,780,None,model
781,"[[0.26, 0.62, 0.075, 0.03, 0.015], [0.26, 0.62, 0.075, 0.03, 0.015], [0.26, 0.62, 0.075, 0.03, 0.015], [0.26, 0.62, 0.075, 0.03, 0.015]]",1.0943589360789578,9.397146424250268,37.80262279157381,0.2082513918809074,5.0,5.0,2.0,2.0,781,None,model
787,"[[0.17, 0.71, 0.075, 0.03, 0.015], [0.17, 0.71, 0.075, 0.03, 0.015], [0.17, 0.71, 0.075, 0.03, 0.015], [0.17, 0.71, 0.075, 0.03, 0.015]]",0.8293960287913165,5.544920298126224,49.32544522773941,0.2728089313852252,5.0,5.0,2.0,2.0,787,None,model
790,"[[0.44, 0.44, 0.075, 0.03, 0.015], [0.44, 0.44, 0.075, 0.03, 0.015], [0.44, 0.44, 0.075, 0.03, 0.015], [0.44, 0.44, 0.075, 0.03, 0.015]]",0.7821764314543945,4.661631838684735,33.99587043950271,0.287926826711416,1.0,3.0,2.0,3.0,790,None,model
793,"[[0.35, 0.53, 0.075, 0.03, 0.015], [0.35, 0.53, 0.075, 0.03, 0.015], [0.35, 0.53, 0.075, 0.03, 0.015], [0.35, 0.53, 0.075, 0.03, 0.015]]",0.8841920564478732,9.20456676871823,17.05262748396963,0.2370144150903849,4.0,1.0,2.0,1.0,793,None,model
798,"[[0.24, 0.64, 0.075, 0.03, 0.015], [0.24, 0.64, 0.075, 0.03, 0.015], [0.24, 0.64, 0.075, 0.03, 0.015], [0.24, 0.64, 0.075, 0.03, 0.015]]",0.9668049536016328,2.8290163680634706,8.469062709715168,0.2423853016788251,1.0,2.0,1.0,3.0,798,None,model
807,"[[0.23, 0.65, 0.075, 0.03, 0.015], [0.23, 0.65, 0.075, 0.03, 0.015], [0.23, 0.65, 0.075, 0.03, 0.015], [0.23, 0.65, 0.075, 0.03, 0.015]]",0.895908222700356,3.94348426750794,47.06294825928176,0.210282032639616,2.0,1.0,1.0,2.0,807,None,model
808,"[[0.42, 0.46, 0.075, 0.03, 0.015], [0.42, 0.46, 0.075, 0.03, 0.015], [0.42, 0.46, 0.075, 0.03, 0.015], [0.42, 0.46, 0.075, 0.03, 0.015]]",1.0013998666148038,9.09288369371484,30.41192211443025,0.2617840116344169,2.0,5.0,2.0,2.0,808,None,model
815,"[[0.24, 0.64, 0.075, 0.03, 0.015], [0.24, 0.64, 0.075, 0.03, 0.015], [0.24, 0.64, 0.075, 0.03, 0.015], [0.24, 0.64, 0.075, 0.03, 0.015]]",0.9955290865940052,8.59768836505809,29.915810023961,0.1802507704808209,2.0,1.0,2.0,1.0,815,None,model
816,"[[0.41, 0.47, 0.075, 0.03, 0.015], [0.41, 0.47, 0.075, 0.03, 0.015], [0.41, 0.47, 0.075, 0.03, 0.015], [0.41, 0.47, 0.075, 0.03, 0.015]]",0.9245100170950932,9.43678225428575,40.319249364845405,0.1601075797282607,2.0,5.0,2.0,1.0,816,None,model
826,"[[0.24, 0.64, 0.075, 0.03, 0.015], [0.24, 0.64, 0.075, 0.03, 0.015], [0.24, 0.64, 0.075, 0.03, 0.015], [0.24, 0.64, 0.075, 0.03, 0.015]]",0.9445636768639964,7.818567045209036,22.78537348583068,0.1985174201483223,5.0,1.0,2.0,2.0,826,None,model
833,"[[0.42, 0.46, 0.075, 0.03, 0.015], [0.42, 0.46, 0.075, 0.03, 0.015], [0.42, 0.46, 0.075, 0.03, 0.015], [0.42, 0.46, 0.075, 0.03, 0.015]]",0.8566739001060503,7.241066597397627,14.113281994824352,0.1963630002745555,5.0,2.0,2.0,2.0,833,None,model
841,"[[0.22, 0.66, 0.075, 0.03, 0.015], [0.22, 0.66, 0.075, 0.03, 0.015], [0.22, 0.66, 0.075, 0.03, 0.015], [0.22, 0.66, 0.075, 0.03, 0.015]]",1.005200377367403,3.0326583397006965,30.98329884436335,0.2465323994862526,2.0,3.0,1.0,1.0,841,None,model
842,"[[0.3, 0.58, 0.075, 0.03, 0.015], [0.3, 0.58, 0.075, 0.03, 0.015], [0.3, 0.58, 0.075, 0.03, 0.015], [0.3, 0.58, 0.075, 0.03, 0.015]]",1.1575094403814892,8.927576580493186,17.39442646583889,0.1531999290184368,5.0,2.0,2.0,2.0,842,None,model
845,"[[0.17, 0.71, 0.075, 0.03, 0.015], [0.17, 0.71, 0.075, 0.03, 0.015], [0.17, 0.71, 0.075, 0.03, 0.015], [0.17, 0.71, 0.075, 0.03, 0.015]]",1.1046000094802562,2.3100039912029318,11.135246981241334,0.2654538744701726,1.0,4.0,2.0,1.0,845,None,model
846,"[[0.48, 0.4, 0.075, 0.03, 0.015], [0.48, 0.4, 0.075, 0.03, 0.015], [0.48, 0.4, 0.075, 0.03, 0.015], [0.48, 0.4, 0.075, 0.03, 0.015]]",1.068712851336874,4.9924194110350415,8.55405975408042,0.2354041198000219,2.0,1.0,1.0,3.0,846,None,model
852,"[[0.16, 0.72, 0.075, 0.03, 0.015], [0.16, 0.72, 0.075, 0.03, 0.015], [0.16, 0.72, 0.075, 0.03, 0.015], [0.16, 0.72, 0.075, 0.03, 0.015]]",0.7711965311893834,9.217178377644416,47.96871762280824,0.1670649626292485,1.0,5.0,2.0,2.0,852,None,model
853,"[[0.18, 0.7, 0.075, 0.03, 0.015], [0.18, 0.7, 0.075, 0.03, 0.015], [0.18, 0.7, 0.075, 0.03, 0.015], [0.18, 0.7, 0.075, 0.03, 0.015]]",1.1425001260536465,7.047401485076475,32.93264046512799,0.2175607083777352,2.0,3.0,1.0,1.0,853,None,model
857,"[[0.44, 0.44, 0.075, 0.03, 0.015], [0.44, 0.44, 0.075, 0.03, 0.015], [0.44, 0.44, 0.075, 0.03, 0.015], [0.44, 0.44, 0.075, 0.03, 0.015]]",1.1011967573085926,8.34107166754439,27.47609387399652,0.1916051080723289,1.0,1.0,2.0,1.0,857,None,model
863,"[[0.45, 0.43, 0.075, 0.03, 0.015], [0.45, 0.43, 0.075, 0.03, 0.015], [0.45, 0.43, 0.075, 0.03, 0.015], [0.45, 0.43, 0.075, 0.03, 0.015]]",1.141689631657044,4.7573106803123855,7.880180446160393,0.2936197429772192,3.0,3.0,2.0,2.0,863,None,model
877,"[[0.48, 0.4, 0.075, 0.03, 0.015], [0.48, 0.4, 0.075, 0.03, 0.015], [0.48, 0.4, 0.075, 0.03, 0.015], [0.48, 0.4, 0.075, 0.03, 0.015]]",1.0165635675636289,6.07410159557482,17.954601980396603,0.2765876635200127,4.0,4.0,2.0,2.0,877,None,model
878,"[[0.43, 0.45, 0.075, 0.03, 0.015], [0.43, 0.45, 0.075, 0.03, 0.015], [0.43, 0.45, 0.075, 0.03, 0.015], [0.43, 0.45, 0.075, 0.03, 0.015]]",0.9360187260203464,8.418060850217312,44.73724795719493,0.2401850656736438,1.0,4.0,1.0,1.0,878,None,model
879,"[[0.18, 0.7, 0.075, 0.03, 0.015], [0.18, 0.7, 0.075, 0.03, 0.015], [0.18, 0.7, 0.075, 0.03, 0.015], [0.18, 0.7, 0.075, 0.03, 0.015]]",1.0844910774092738,2.548087553492898,32.85056900314985,0.2255652264882547,4.0,4.0,2.0,2.0,879,None,model
880,"[[0.36, 0.52, 0.075, 0.03, 0.015], [0.36, 0.52, 0.075, 0.03, 0.015], [0.36, 0.52, 0.075, 0.03, 0.015], [0.36, 0.52, 0.075, 0.03, 0.015]]",1.063131538739408,8.871413890328501,21.014670173856857,0.2559839717995864,1.0,4.0,2.0,3.0,880,None,model
895,"[[0.2, 0.68, 0.075, 0.03, 0.015], [0.2, 0.68, 0.075, 0.03, 0.015], [0.2, 0.68, 0.075, 0.03, 0.015], [0.2, 0.68, 0.075, 0.03, 0.015]]",0.7554784110970774,7.321061028354896,31.91015165990337,0.1856598002491977,5.0,4.0,1.0,3.0,895,None,model
898,"[[0.45, 0.43, 0.075, 0.03, 0.015], [0.45, 0.43, 0.075, 0.03, 0.015], [0.45, 0.43, 0.075, 0.03, 0.015], [0.45, 0.43, 0.075, 0.03, 0.015]]",0.8496235938983292,5.235832787806343,33.72609286771733,0.211555010189806,1.0,4.0,2.0,2.0,898,None,model
900,"[[0.25, 0.63, 0.075, 0.03, 0.015], [0.25, 0.63, 0.075, 0.03, 0.015], [0.25, 0.63, 0.075, 0.03, 0.015], [0.25, 0.63, 0.075, 0.03, 0.015]]",1.0341459951417833,9.06426509106056,10.109287039288152,0.222608107254343,2.0,5.0,1.0,1.0,900,None,model
919,"[[0.28, 0.6, 0.075, 0.03, 0.015], [0.28, 0.6, 0.075, 0.03, 0.015], [0.28, 0.6, 0.075, 0.03, 0.015], [0.28, 0.6, 0.075, 0.03, 0.015]]",0.903729153899738,3.488754138506319,40.52177605678511,0.1993476143174419,4.0,4.0,2.0,3.0,919,None,model
920,"[[0.43, 0.45, 0.075, 0.03, 0.015], [0.43, 0.45, 0.075, 0.03, 0.015], [0.43, 0.45, 0.075, 0.03, 0.015], [0.43, 0.45, 0.075, 0.03, 0.015]]",1.0670589533925474,3.2477491709804536,30.27079342690908,0.2831580916414531,3.0,2.0,1.0,1.0,920,None,model
930,"[[0.43, 0.45, 0.075, 0.03, 0.015], [0.43, 0.45, 0.075, 0.03, 0.015], [0.43, 0.45, 0.075, 0.03, 0.015], [0.43, 0.45, 0.075, 0.03, 0.015]]",0.8869426093979929,7.298946411377733,49.75763786447905,0.190826024658602,3.0,3.0,1.0,3.0,930,None,model
934,"[[0.42, 0.46, 0.075, 0.03, 0.015], [0.42, 0.46, 0.075, 0.03, 0.015], [0.42, 0.46, 0.075, 0.03, 0.015], [0.42, 0.46, 0.075, 0.03, 0.015]]",1.05555393386238,8.799589594369131,42.56110347638401,0.2865796462408772,4.0,5.0,1.0,1.0,934,None,model
944,"[[0.29, 0.59, 0.075, 0.03, 0.015], [0.29, 0.59, 0.075, 0.03, 0.015], [0.29, 0.59, 0.075, 0.03, 0.015], [0.29, 0.59, 0.075, 0.03, 0.015]]",1.0545166709339897,2.368727692400347,23.87658819641696,0.2970891996196988,1.0,5.0,1.0,2.0,944,None,model
964,"[[0.46, 0.42, 0.075, 0.03, 0.015], [0.46, 0.42, 0.075, 0.03, 0.015], [0.46, 0.42, 0.075, 0.03, 0.015], [0.46, 0.42, 0.075, 0.03, 0.015]]",0.8200614373963915,7.0217407091663215,36.78231996718591,0.2467263409274321,4.0,2.0,2.0,1.0,964,None,model
966,"[[0.48, 0.4, 0.075, 0.03, 0.015], [0.48, 0.4, 0.075, 0.03, 0.015], [0.48, 0.4, 0.075, 0.03, 0.015], [0.48, 0.4, 0.075, 0.03, 0.015]]",0.75330398956958,2.840152323832214,7.165419041012495,0.2657395999823617,2.0,4.0,1.0,3.0,966,None,model
970,"[[0.39, 0.49, 0.075, 0.03, 0.015], [0.39, 0.49, 0.075, 0.03, 0.015], [0.39, 0.49, 0.075, 0.03, 0.015], [0.39, 0.49, 0.075, 0.03, 0.015]]",0.9237606532377992,5.557963072975808,15.221750012071167,0.2431148029109226,2.0,2.0,2.0,2.0,970,None,model
971,"[[0.41, 0.47, 0.075, 0.03, 0.015], [0.41, 0.47, 0.075, 0.03, 0.015], [0.41, 0.47, 0.075, 0.03, 0.015], [0.41, 0.47, 0.075, 0.03, 0.015]]",0.8951418123948385,3.144162124366451,7.296372538130699,0.279450619577641,5.0,1.0,2.0,2.0,971,None,model
975,"[[0.27, 0.61, 0.075, 0.03, 0.015], [0.27, 0.61, 0.075, 0.03, 0.015], [0.27, 0.61, 0.075, 0.03, 0.015], [0.27, 0.61, 0.075, 0.03, 0.015]]",0.7832152826277728,8.055193592517945,34.18936402568721,0.20486235928285,2.0,1.0,1.0,3.0,975,None,model
978,"[[0.48, 0.4, 0.075, 0.03, 0.015], [0.48, 0.4, 0.075, 0.03, 0.015], [0.48, 0.4, 0.075, 0.03, 0.015], [0.48, 0.4, 0.075, 0.03, 0.015]]",1.0304174100866894,3.3916238086720885,19.10802382866462,0.2520005194088768,3.0,2.0,2.0,2.0,978,None,model
988,"[[0.29, 0.59, 0.075, 0.03, 0.015], [0.29, 0.59, 0.075, 0.03, 0.015], [0.29, 0.59, 0.075, 0.03, 0.015], [0.29, 0.59, 0.075, 0.03, 0.015]]",1.0784999165200722,5.323492859091164,36.50880759563535,0.2672724891437542,4.0,3.0,1.0,2.0,988,None,model
